Source,Date,Open,High,Low,Close,Volume,Month,Day,Year,DayOfWeek,MA_5,MA_20,EMA_5,EMA_20,STD_5,STD_20,DailyReturn,Volatility,PriceChange
bdo,2025-07-24,152.2,153.9,152.0,152.2,1307730,7,24,2025,3,,,152.2,152.2,,,,,0.0
bdo,2025-07-22,149.9,149.9,148.2,149.9,2438500,7,22,2025,1,,,151.43333333333334,151.98095238095237,,,-0.015111695137976278,,0.0
bdo,2025-07-21,150.9,151.0,148.9,151.0,1228600,7,21,2025,0,,,151.2888888888889,151.88752834467118,,,0.007338225483655814,,0.09999999999999432
bdo,2025-07-17,147.9,149.8,147.5,148.6,2047490,7,17,2025,3,,,150.39259259259262,151.57443040708344,,,-0.015894039735099397,,0.6999999999999886
bdo,2025-07-16,150.0,151.1,147.2,151.4,3485930,7,16,2025,2,150.62,,150.7283950617284,151.55781798736123,150.62,,0.018842530282638048,,1.4000000000000057
bdo,2025-07-14,152.0,153.0,151.0,150.8,1583070,7,14,2025,0,150.34,,150.7522633744856,151.48564484570778,150.34,,-0.003963011889035584,,-1.1999999999999886
bdo,2025-07-09,154.0,154.8,152.9,154.6,1714130,7,9,2025,2,151.28,,152.03484224965706,151.78225009849754,151.28,,0.025198938992042397,,0.5999999999999943
bdo,2025-07-07,155.0,156.4,153.1,155.0,890450,7,7,2025,0,152.07999999999998,,153.02322816643806,152.0887024700692,152.07999999999998,,0.002587322121604174,,0.0
bdo,2025-07-04,155.9,157.0,153.8,154.6,1873380,7,4,2025,4,153.28,,153.5488187776254,152.32787366339596,153.28,,-0.002580645161290307,,-1.3000000000000114
bdo,2025-07-03,150.2,155.3,150.2,150.0,2699850,7,3,2025,3,153.0,,152.3658791850836,152.1061714097392,153.0,,-0.02975420439844756,,-0.19999999999998863
bdo,2025-07-02,149.6,150.9,148.2,151.5,4764030,7,2,2025,2,153.14000000000001,,152.07725279005575,152.04844079928785,153.14000000000001,,0.010000000000000009,,1.9000000000000057
bdo,2025-07-01,153.2,154.0,150.7,152.8,3228740,7,1,2025,1,152.78,,152.31816852670386,152.12001786602235,152.78,,0.008580858085808662,,-0.39999999999997726
bdo,2025-06-30,155.4,156.0,152.8,156.0,3563990,6,30,2025,0,152.98,,153.54544568446926,152.48953997402023,152.98,,0.020942408376963373,,0.5999999999999943
bdo,2025-06-27,153.5,156.7,153.2,155.0,1976490,6,27,2025,4,153.06,,154.0302971229795,152.72863140506593,153.06,,-0.0064102564102563875,,1.5
bdo,2025-06-26,156.6,156.6,152.6,156.0,2654030,6,26,2025,3,154.26,,154.68686474865302,153.04019031886918,154.26,,0.006451612903225712,,-0.5999999999999943
bdo,2025-06-25,156.0,157.5,153.9,156.0,2485560,6,25,2025,2,155.16,,155.12457649910203,153.32207695516735,155.16,,0.0,,0.0
bdo,2025-06-24,152.2,157.4,152.2,151.0,2119480,6,24,2025,1,154.8,,153.74971766606802,153.10092676896093,154.8,,-0.03205128205128205,,-1.1999999999999886
bdo,2025-06-23,152.2,152.8,151.0,153.1,920230,6,23,2025,0,154.22,,153.53314511071204,153.10083850525035,154.22,,0.013907284768211792,,0.9000000000000057
bdo,2025-06-20,155.0,156.8,153.1,154.9,4588040,6,20,2025,4,154.2,,153.98876340714136,153.27218721903603,154.2,,0.011757021554539504,,-0.09999999999999432
bdo,2025-06-19,154.5,155.6,151.5,153.0,1497500,6,19,2025,3,153.6,152.87,153.65917560476092,153.2462646267469,153.6,152.87,-0.01226597805035512,,-1.5
bdo,2025-06-18,157.0,157.5,153.0,157.0,3710180,6,18,2025,2,153.8,153.11,154.77278373650728,153.60376323372338,153.8,153.11,0.02614379084967311,0.016654684710045158,0.0
bdo,2025-06-17,159.5,159.8,157.0,159.0,3864790,6,17,2025,1,155.4,153.565,156.1818558243382,154.11769054479734,155.4,153.565,0.01273885350318471,0.016337582450637617,-0.5
bdo,2025-06-16,159.8,159.8,158.1,160.7,4122920,6,16,2025,0,156.92000000000002,154.05,157.68790388289213,154.74457715957854,156.92000000000002,154.05,0.010691823899370956,0.016400691105776685,0.8999999999999773
bdo,2025-06-13,160.6,161.5,158.0,156.5,7840170,6,13,2025,4,157.24,154.445,157.2919359219281,154.9117602872377,157.24,154.445,-0.026135656502800142,0.017171533801884336,-4.099999999999994
bdo,2025-06-12,156.0,157.7,156.0,156.2,3383000,6,12,2025,3,157.88,154.685,156.9279572812854,155.0344497836913,157.88,154.685,-0.00191693290734829,0.016769288158352397,0.19999999999998863
bdo,2025-06-11,156.0,157.7,156.0,156.2,3383000,6,11,2025,2,157.72,154.95499999999998,156.68530485419026,155.1454545661969,157.72,154.95499999999998,0.0,0.016722247136875402,0.19999999999998863
bdo,2025-06-10,157.6,157.9,155.6,157.9,5546770,6,10,2025,1,157.5,155.12,157.09020323612685,155.40779222655908,157.5,155.12,0.010883482714468817,0.01596128299208002,0.30000000000001137
bdo,2025-06-09,157.0,158.8,156.4,155.8,1725510,6,9,2025,0,156.51999999999998,155.16,156.66013549075126,155.44514534783917,156.51999999999998,155.16,-0.013299556681443891,0.016279624738334494,-1.1999999999999886
bdo,2025-06-06,157.5,158.2,155.7,157.4,3597700,6,6,2025,4,156.7,155.3,156.90675699383416,155.6313219813783,156.7,155.3,0.010269576379974277,0.01640951772603033,-0.09999999999999432
bdo,2025-06-05,157.5,158.2,155.7,157.4,3597700,6,5,2025,3,156.94,155.67000000000002,157.0711713292228,155.79976750696133,156.94,155.67000000000002,0.0,0.014735387060955141,-0.09999999999999432
bdo,2025-06-04,159.6,160.9,157.4,158.7,4377030,6,4,2025,2,157.44,156.03,157.61411421948188,156.07598012534595,157.44,156.03,0.008259212198221011,0.014693926389949364,-0.9000000000000057
bdo,2025-06-03,162.0,162.2,158.3,162.0,3308310,6,3,2025,1,158.26,156.48999999999998,159.07607614632127,156.6401724943606,158.26,156.48999999999998,0.020793950850661602,0.0152079052610799,0.0
bdo,2025-06-02,161.0,163.4,159.6,161.0,2131390,6,2,2025,0,159.3,156.73999999999998,159.71738409754752,157.05539416156435,159.3,156.73999999999998,-0.006172839506172867,0.014728839254652477,0.0
bdo,2025-05-30,163.2,164.3,158.9,162.8,7836850,5,30,2025,4,160.38,157.13,160.74492273169835,157.60249947951058,160.38,157.13,0.011180124223602483,0.014745359412985283,-0.39999999999997726
bdo,2025-05-29,165.1,165.1,162.8,164.1,2034750,5,29,2025,3,161.72,157.535,161.86328182113223,158.22130905289055,161.72,157.535,0.007985257985257954,0.01477061938041872,-1.0
bdo,2025-05-28,162.4,165.2,161.4,160.6,3342310,5,28,2025,2,162.1,157.765,161.44218788075483,158.44785104785336,162.1,157.765,-0.021328458257160232,0.01571113753205959,-1.8000000000000114
bdo,2025-05-27,160.5,161.3,159.4,162.0,2040890,5,27,2025,1,162.1,158.315,161.62812525383657,158.78615094805778,162.1,158.315,0.008717310087173136,0.013625411222510594,1.5
bdo,2025-05-26,162.5,163.0,160.7,163.5,799880,5,26,2025,0,162.6,158.83499999999998,162.25208350255772,159.23508895300466,162.6,158.83499999999998,0.0092592592592593,0.013479396520860821,1.0
bdo,2025-05-23,157.0,163.5,157.0,158.5,3818920,5,23,2025,4,161.74,159.015,161.00138900170515,159.16508048128995,161.74,159.015,-0.030581039755351647,0.015296322762046653,1.5
bdo,2025-05-22,157.0,159.2,157.0,158.5,205280,5,22,2025,3,160.61999999999998,159.29,160.16759266780343,159.10173948307187,160.61999999999998,159.29,0.0,0.01496778630642778,1.5
bdo,2025-05-21,157.9,157.9,155.6,158.0,87860,5,21,2025,2,160.1,159.33999999999997,159.44506177853563,158.9968119132555,160.1,159.33999999999997,-0.003154574132492094,0.013860253499569996,0.09999999999999432
bdo,2025-05-20,156.0,157.0,155.1,155.1,24500,5,20,2025,1,158.72,159.145,157.9967078523571,158.62568696913593,158.72,159.145,-0.018354430379746822,0.014145406139573503,-0.9000000000000057
bdo,2025-05-19,157.8,158.0,154.9,157.8,591990,5,19,2025,0,157.57999999999998,159.0,157.93113856823808,158.54705011493252,157.57999999999998,159.0,0.01740812379110257,0.014516075833960619,0.0
bdo,2025-05-16,161.5,162.1,156.7,161.3,4739910,5,16,2025,4,158.14000000000001,159.24,159.0540923788254,158.80923581827227,158.14000000000001,159.24,0.02217997465145749,0.014093635838744296,-0.19999999999998863
bdo,2025-05-15,161.5,162.1,160.0,161.3,186790,5,15,2025,3,158.70000000000002,159.49499999999998,159.80272825255028,159.0464514546273,158.70000000000002,159.49499999999998,0.0,0.014074919242729973,-0.19999999999998863
bdo,2025-05-13,167.7,167.8,166.9,168.0,60060,5,13,2025,1,160.7,160.08499999999998,162.53515216836686,159.8991703637104,160.7,160.08499999999998,0.04153750774953502,0.016641172795802017,0.30000000000001137
bdo,2025-05-12,167.6,168.0,166.2,166.1,595990,5,12,2025,0,162.9,160.495,163.72343477891127,160.48972556716654,162.9,160.495,-0.01130952380952388,0.016880717435735503,-1.5
bdo,2025-05-09,164.2,167.3,164.0,164.1,4929780,5,9,2025,4,164.16,160.91000000000003,163.8489565192742,160.8335612274364,164.16,160.91000000000003,-0.012040939193257105,0.016820289849180176,-0.09999999999999432
bdo,2025-05-08,164.2,167.3,164.0,164.1,394900,5,8,2025,3,164.72,161.245,163.93263767951615,161.14465063434724,164.72,161.245,0.0,0.016734623954439854,-0.09999999999999432
bdo,2025-05-07,165.1,168.2,164.0,165.2,1188590,5,7,2025,2,165.5,161.635,164.3550917863441,161.53087438345702,165.5,161.635,0.006703229737964556,0.01675495772147494,0.09999999999999432
bdo,2025-05-06,159.2,159.9,158.5,157.5,749200,5,6,2025,1,163.4,161.575,162.07006119089607,161.14698158503253,163.4,161.575,-0.04661016949152541,0.019957703950001952,-1.6999999999999886
bdo,2025-05-02,161.9,163.0,160.0,160.4,5028870,5,2,2025,4,162.26000000000002,161.495,161.51337412726406,161.0758404816961,162.26000000000002,161.495,0.018412698412698436,0.019832645480462218,-1.5
bdo,2025-05-01,161.9,162.7,161.0,160.4,339600,5,1,2025,3,161.52,161.465,161.14224941817605,161.01147472153457,161.52,161.465,0.0,0.019784551751838013,-1.5
bdo,2025-04-30,161.2,164.8,160.4,160.7,6492520,4,30,2025,2,160.84,161.35999999999999,160.9948329454507,160.9818104623408,160.84,161.35999999999999,0.0018703241895261513,0.01961647352699194,-0.5
bdo,2025-04-29,161.2,162.0,161.0,160.7,331200,4,29,2025,1,159.94,161.19,160.89655529696714,160.9549713706893,159.94,161.19,0.0,0.019516432260648905,-0.5
bdo,2025-04-28,157.0,158.8,156.0,155.5,107990,4,28,2025,0,159.54000000000002,160.935,159.09770353131142,160.43545028776649,159.54000000000002,160.935,-0.032358431860609715,0.020266568006054766,-1.5
bdo,2025-04-25,163.5,165.5,160.3,160.0,4964500,4,25,2025,4,159.45999999999998,160.835,159.3984690208743,160.39397883178873,159.45999999999998,160.835,0.02893890675241151,0.02127790293726985,-3.5
bdo,2025-04-24,163.5,164.0,162.8,160.0,185640,4,24,2025,3,159.38,160.66000000000003,159.59897934724955,160.35645703828504,159.38,160.66000000000003,0.0,0.02115695006709987,-3.5
bdo,2025-04-23,161.0,162.0,160.2,161.0,46870,4,23,2025,2,159.44,160.78500000000003,160.06598623149972,160.41774684416268,159.44,160.78500000000003,0.006250000000000089,0.020006160897212813,0.0
bdo,2025-04-22,162.5,163.6,162.5,163.0,33050,4,22,2025,1,159.9,161.01000000000002,161.04399082099982,160.66367571614717,159.9,161.01000000000002,0.012422360248447228,0.02016653376852292,0.5
bdo,2025-04-21,163.0,164.0,162.3,163.2,12160,4,21,2025,0,161.44,161.27,161.7626605473332,160.90523040984743,161.44,161.27,0.0012269938650306678,0.02013600053534312,0.19999999999998863
bdo,2025-04-18,160.5,161.0,159.6,160.0,2569260,4,18,2025,4,161.44,161.515,161.17510703155548,160.81901798986198,161.44,161.515,-0.019607843137254832,0.020203911343306867,-0.5
bdo,2025-04-16,160.5,161.0,159.6,160.0,2569260,4,16,2025,2,161.44,161.625,160.78340468770367,160.74101627654179,161.44,161.625,0.0,0.019866046895745695,-0.5
bdo,2025-04-15,160.5,160.9,159.8,160.0,14680,4,15,2025,1,161.24,161.56,160.52226979180244,160.6704432978235,161.24,161.56,0.0,0.019223146611758772,-0.5
bdo,2025-04-14,157.8,158.4,157.8,157.8,11700,4,14,2025,0,160.2,161.38500000000002,159.6148465278683,160.39706774564985,160.2,161.38500000000002,-0.013749999999999929,0.01945898602256134,0.0
bdo,2025-04-11,150.0,161.9,148.2,154.3,10285460,4,11,2025,4,158.42,160.7,157.84323101857888,159.81639462701654,158.42,160.7,-0.02217997465145749,0.01723106680993765,4.300000000000011
bdo,2025-04-10,150.0,150.6,148.2,154.3,946730,4,10,2025,3,157.28,160.10999999999999,156.66215401238594,159.29102371015782,157.28,160.10999999999999,0.0,0.017167530111550935,4.300000000000011
bdo,2025-04-08,151.0,158.0,150.0,149.0,5218190,4,8,2025,1,155.08,159.355,154.10810267492397,158.3109262139523,155.08,159.355,-0.03434867141931308,0.018427605648953932,-2.0
bdo,2025-04-04,155.6,156.6,154.3,155.6,1976160,4,4,2025,4,154.20000000000002,158.93,154.60540178328264,158.05274276500447,154.20000000000002,158.93,0.04429530201342269,0.021432891831051275,0.0
bdo,2025-04-03,155.6,156.6,154.5,155.6,177800,4,3,2025,3,153.76,158.45,154.93693452218844,157.8191482159564,153.76,158.45,0.0,0.021334626986647388,0.0
bdo,2025-04-02,157.5,157.5,156.3,158.0,113320,4,2,2025,2,154.5,158.475,155.95795634812563,157.83637219538912,154.5,158.475,0.015424164524421524,0.019008381752428503,0.5
bdo,2025-04-01,153.8,155.3,153.8,153.3,181750,4,1,2025,1,154.3,158.12,155.07197089875044,157.4043367482092,154.3,158.12,-0.02974683544303791,0.019637099536275914,-0.5
bdo,2025-03-31,154.1,156.5,153.1,154.0,3438130,3,31,2025,0,155.3,157.8,154.71464726583363,157.0801142007607,155.3,157.8,0.004566210045662045,0.01968900909928114,-0.09999999999999432
bdo,2025-03-28,153.4,155.4,153.0,154.0,1846230,3,28,2025,4,154.98,157.465,154.47643151055576,156.78676999116445,154.98,157.465,0.0,0.019674846027293025,0.5999999999999943
bdo,2025-03-27,153.4,153.7,153.0,154.0,91470,3,27,2025,3,154.66,157.13,154.3176210070372,156.52136332533925,154.66,157.13,0.0,0.019674846027293025,0.5999999999999943
bdo,2025-03-26,153.0,153.8,152.8,153.1,52750,3,26,2025,2,153.68,157.01,153.91174733802478,156.19551919911646,153.68,157.01,-0.005844155844155874,0.018367423492713197,0.09999999999999432
bdo,2025-03-25,156.5,156.6,154.7,156.0,338880,3,25,2025,1,154.22,156.81,154.6078315586832,156.17689832301014,154.22,156.81,0.01894186806009146,0.017642457441789175,-0.5
bdo,2025-03-24,155.0,157.2,152.8,157.4,887630,3,24,2025,0,154.9,156.68,155.53855437245545,156.29338419700917,154.9,156.68,0.008974358974358942,0.01778592016256341,2.4000000000000057
bdo,2025-03-21,160.0,161.9,159.6,161.0,3784130,3,21,2025,4,156.3,156.68,157.35903624830365,156.74163332110356,156.3,156.68,0.02287166454891998,0.018500227916011594,1.0
bdo,2025-03-20,160.0,161.9,159.6,161.0,110080,3,20,2025,3,157.7,156.57999999999998,158.57269083220245,157.14719205242704,157.7,156.57999999999998,0.0,0.018274098789494438,1.0
bdo,2025-03-19,161.7,161.7,160.3,161.0,45000,3,19,2025,2,159.28,156.47,159.38179388813498,157.5141261426721,159.28,156.47,0.0,0.018270200432294888,-0.6999999999999886
bdo,2025-03-18,159.1,160.4,159.1,160.4,45710,3,18,2025,1,160.16,156.49,159.72119592542333,157.78897127194142,160.16,156.49,-0.003726708074534124,0.01773420299962853,1.3000000000000114
bdo,2025-03-17,164.9,165.5,161.2,163.0,5604190,3,17,2025,0,161.28,156.64000000000001,160.8141306169489,158.28525972223272,161.28,156.64000000000001,0.016209476309226867,0.018087897436075473,-1.9000000000000057
bdo,2025-03-14,159.0,166.8,158.4,165.0,11798460,3,14,2025,4,162.07999999999998,156.89000000000001,162.20942041129928,158.9247587963058,162.07999999999998,156.89000000000001,0.012269938650306678,0.018256481210475756,6.0
bdo,2025-03-13,153.9,158.7,153.0,158.0,4210850,3,13,2025,3,161.48,156.9,160.80628027419954,158.83668652999097,161.48,156.9,-0.042424242424242475,0.02051917503732604,4.099999999999994
bdo,2025-03-12,152.3,153.8,151.6,152.0,5178450,3,12,2025,2,159.68,156.78500000000003,157.87085351613302,158.1855735271347,159.68,156.78500000000003,-0.03797468354430378,0.02169851972017595,-0.30000000000001137
bdo,2025-03-11,155.6,157.8,154.3,154.8,4450660,3,11,2025,1,158.56,156.81,156.84723567742202,157.86313795312185,158.56,156.81,0.018421052631579116,0.022109086738971908,-0.799999999999983
bdo,2025-03-10,153.8,158.4,153.8,158.0,2321480,3,10,2025,0,157.56,157.26,157.2314904516147,157.8761724337769,157.56,157.26,0.02067183462532296,0.020951119859767997,4.199999999999989
bdo,2025-03-07,155.9,157.7,153.0,157.5,4653980,3,7,2025,4,156.06,157.355,157.3209936344098,157.8403464877029,156.06,157.355,-0.0031645569620253333,0.018601102235819678,1.5999999999999943
bdo,2025-03-06,152.9,155.9,152.0,155.0,4794660,3,6,2025,3,155.46,157.325,156.54732908960654,157.56983729839786,155.46,157.325,-0.015873015873015928,0.018970792877606973,2.0999999999999943
bdo,2025-03-05,151.6,153.9,149.9,152.9,5585470,3,5,2025,2,155.64000000000001,157.07,155.33155272640437,157.12509088902664,155.64000000000001,157.07,-0.013548387096774195,0.018835077510163254,1.3000000000000114
bdo,2025-03-04,147.0,152.2,145.1,151.0,4472280,3,4,2025,1,154.88,156.95499999999998,153.88770181760293,156.54174889959552,154.88,156.95499999999998,-0.012426422498365008,0.01783825786979187,4.0
bdo,2025-03-03,150.0,153.0,146.5,146.5,4491520,3,3,2025,0,152.57999999999998,156.57999999999998,151.42513454506863,155.58539186153882,152.57999999999998,156.57999999999998,-0.0298013245033113,0.018935687589462895,-3.5
bdo,2025-02-28,151.6,151.6,148.5,150.0,5118950,2,28,2025,4,151.07999999999998,156.38,150.95008969671244,155.0534497794875,151.07999999999998,156.38,0.023890784982935065,0.019822614765971195,-1.5999999999999943
bdo,2025-02-27,148.0,153.0,147.0,150.5,6778910,2,27,2025,3,150.18,156.20499999999998,150.8000597978083,154.6197878957268,150.18,156.20499999999998,0.0033333333333334103,0.019846584568878712,2.5
bdo,2025-02-26,144.0,147.9,142.7,147.9,4593030,2,26,2025,2,149.18,155.945,149.83337319853888,153.97980809613378,149.18,155.945,-0.017275747508305628,0.020156841555009988,3.9000000000000057
bdo,2025-02-25,141.9,144.5,141.1,144.5,1599560,2,25,2025,1,147.88,155.37,148.05558213235926,153.07696922983533,147.88,155.37,-0.02298850574712652,0.020095823336920896,2.5999999999999943
bdo,2025-02-24,142.2,142.9,139.7,141.0,1743710,2,24,2025,0,146.78,154.55,145.70372142157285,151.92678168413673,146.78,154.55,-0.02422145328719727,0.020369183570274632,-1.1999999999999886
bdo,2025-02-21,141.0,143.0,141.0,142.0,1118190,2,21,2025,4,145.18,153.6,144.4691476143819,150.98137390469512,145.18,153.6,0.007092198581560183,0.019508469108627333,1.0
bdo,2025-02-20,142.6,145.5,141.7,142.0,2808700,2,20,2025,3,143.48,152.65,143.64609840958795,150.1260049613908,143.48,152.65,0.0,0.019508469108627333,-0.5999999999999943
bdo,2025-02-19,143.0,143.0,139.6,141.9,1866680,2,19,2025,2,142.28000000000003,151.695,143.06406560639198,149.3425759174488,142.28000000000003,151.695,-0.0007042253521126751,0.01949755612965717,-1.0999999999999943
bdo,2025-02-18,138.7,143.0,138.0,143.0,2381410,2,18,2025,1,141.98000000000002,150.825,143.04271040426133,148.73852106816798,141.98000000000002,150.825,0.007751937984496138,0.019738915809130533,4.300000000000011
bdo,2025-02-17,137.0,138.8,136.8,138.6,1252110,2,17,2025,0,141.5,149.605,141.56180693617424,147.77294763310437,141.5,149.605,-0.03076923076923077,0.01980985141890774,1.5999999999999943
bdo,2025-02-14,140.0,141.5,136.6,137.0,4335520,2,14,2025,4,140.5,148.20499999999998,140.04120462411618,146.74695262042775,140.5,148.20499999999998,-0.011544011544011523,0.019242071088697958,-3.0
bdo,2025-02-13,137.0,140.2,137.0,139.9,3346170,2,13,2025,3,140.08,147.3,139.99413641607745,146.09486189467273,140.08,147.3,0.02116788321167884,0.018687877318248593,2.9000000000000057
bdo,2025-02-12,140.0,140.7,138.9,139.0,3393390,2,12,2025,2,139.5,146.65,139.6627576107183,145.41916076184677,139.5,146.65,-0.006433166547534008,0.017102071027760936,-1.0
bdo,2025-02-11,137.0,140.8,135.8,140.8,3297480,2,11,2025,1,139.06,145.95,140.04183840714555,144.97924068928995,139.06,145.95,0.012949640287769792,0.016759463181281554,3.8000000000000114
bdo,2025-02-10,139.2,140.0,134.8,135.6,5450660,2,10,2025,0,138.46,144.83,138.5612256047637,144.08597967126232,138.46,144.83,-0.03693181818181834,0.01713430528235499,-3.5999999999999943
bdo,2025-02-07,144.0,144.1,138.7,138.7,4665550,2,7,2025,4,138.8,143.89000000000001,138.60748373650915,143.57302922638019,138.8,143.89000000000001,0.02286135693215341,0.018419013307238795,-5.300000000000011
bdo,2025-02-06,146.0,147.4,144.1,144.1,2571130,2,6,2025,3,139.64,143.345,140.4383224910061,143.6232169191059,139.64,143.345,0.03893294881038223,0.02082037002591563,-1.9000000000000057
bdo,2025-02-05,142.6,147.2,142.6,147.0,4269980,2,5,2025,2,141.24,143.05,142.6255483273374,143.94481530776247,141.24,143.05,0.02012491325468435,0.021314983842689997,4.400000000000006
bdo,2025-02-04,138.0,144.5,137.5,144.5,3282420,2,4,2025,1,141.98,142.725,143.25036555155828,143.99769004035653,141.98,142.725,-0.017006802721088454,0.021459854060978174,6.5
bdo,2025-02-03,141.8,141.8,136.2,137.0,4023470,2,3,2025,0,142.26,142.25,141.16691036770553,143.33124336984636,142.26,142.25,-0.05190311418685123,0.023445245982718913,-4.800000000000011
bdo,2025-01-31,139.4,141.9,137.6,137.6,5913370,1,31,2025,4,142.04000000000002,141.63,139.977940245137,142.78541066795626,142.04000000000002,141.63,0.004379562043795637,0.02265642289767722,-1.8000000000000114
bdo,2025-01-30,140.1,141.9,138.9,141.5,1569120,1,30,2025,3,141.52,141.18,140.485293496758,142.6629906043414,141.52,141.18,0.02834302325581395,0.02374972301111532,1.4000000000000057
bdo,2025-01-28,139.3,142.0,139.3,142.0,2223400,1,28,2025,1,140.52,140.885,140.99019566450534,142.59984864202315,140.52,140.885,0.0035335689045936647,0.02353744644761832,2.6999999999999886
bdo,2025-01-27,141.5,142.5,138.5,139.0,3271090,1,27,2025,0,139.42000000000002,140.60999999999999,140.32679710967022,142.25700591421142,139.42000000000002,140.60999999999999,-0.021126760563380254,0.02345263507543911,-2.5
bdo,2025-01-24,144.3,145.9,140.3,140.5,5595680,1,24,2025,4,140.12,140.58499999999998,140.38453140644683,142.08967201761985,140.12,140.58499999999998,0.010791366906474753,0.02298315292135918,-3.8000000000000114
bdo,2025-01-23,143.3,147.6,142.0,147.6,2111260,1,23,2025,3,142.11999999999998,140.865,142.78968760429788,142.6144651587989,142.11999999999998,140.865,0.05053380782918149,0.02558652226952188,4.299999999999983
bdo,2025-01-22,143.8,145.0,142.4,142.5,2962450,1,22,2025,2,142.32,140.89000000000001,142.69312506953193,142.60356371510377,142.32,140.89000000000001,-0.03455284552845528,0.02688009885270912,-1.3000000000000114
bdo,2025-01-21,145.2,146.1,144.0,144.0,2161100,1,21,2025,1,142.71999999999997,140.995,143.12875004635464,142.73655764699868,142.71999999999997,140.995,0.010526315789473717,0.026970332780415482,-1.1999999999999886
bdo,2025-01-20,141.4,146.8,140.8,146.2,2254840,1,20,2025,0,144.16,141.155,144.1525000309031,143.06640929966548,144.16,141.155,0.015277777777777724,0.027120381609599228,4.799999999999983
bdo,2025-01-17,140.2,145.5,139.5,145.0,3913700,1,17,2025,4,145.06,141.475,144.43500002060208,143.2505607949354,145.06,141.475,-0.008207934336525224,0.0261616279406904,4.800000000000011
bdo,2025-01-16,144.9,146.1,138.0,138.0,3234170,1,16,2025,3,143.14000000000001,141.525,142.29000001373473,142.75050738589394,143.14000000000001,141.525,-0.0482758620689655,0.028399387822841776,-6.900000000000006
bdo,2025-01-15,144.0,144.5,143.0,143.8,2164050,1,15,2025,2,143.4,141.72,142.79333334248983,142.85045906342785,143.4,141.72,0.04202898550724643,0.02954863824785522,-0.19999999999998863
bdo,2025-01-14,145.9,146.4,143.7,144.0,1280200,1,14,2025,1,143.4,141.97,143.1955555616599,142.9599391526252,143.4,141.97,0.0013908205841446364,0.029485733733302585,-1.9000000000000057
bdo,2025-01-13,147.7,147.9,145.3,146.7,3221520,1,13,2025,0,143.5,142.26500000000001,144.36370370777325,143.31613542380373,143.5,142.26500000000001,0.018749999999999822,0.029625397112873375,-1.0
bdo,2025-01-10,145.6,147.5,145.3,147.5,1846550,1,10,2025,4,144.0,142.85999999999999,145.4091358051822,143.7145987167748,144.0,142.85999999999999,0.005453306066803165,0.028136787174591893,1.9000000000000057
bdo,2025-01-09,146.0,147.0,145.3,145.9,2046910,1,9,2025,3,145.57999999999998,143.22,145.5727572034548,143.92273217232002,145.57999999999998,143.22,-0.010847457627118584,0.027994114939791617,-0.09999999999999432
bdo,2025-01-08,147.0,148.7,145.4,147.0,2231040,1,8,2025,2,146.21999999999997,143.365,146.04850480230323,144.21580529876573,146.21999999999997,143.365,0.007539410555174708,0.026718876752960287,0.0
bdo,2025-01-07,147.6,147.6,145.5,145.5,2391990,1,7,2025,1,146.51999999999998,143.29000000000002,145.86566986820216,144.33810955602615,146.51999999999998,143.29000000000002,-0.010204081632653073,0.026455846284449105,-2.0999999999999943
bdo,2025-01-06,145.2,147.9,144.3,147.9,2320370,1,6,2025,0,146.76,143.46,146.54377991213477,144.677337217357,146.76,143.46,0.016494845360824684,0.026394814146680982,2.700000000000017
bdo,2025-01-03,142.7,146.5,142.7,145.0,1774880,1,3,2025,4,146.26,143.86,146.02918660808984,144.70806700618013,146.26,143.86,-0.019607843137254943,0.02381814914468669,2.3000000000000114
bdo,2025-01-02,143.3,146.2,142.1,144.5,1798820,1,2,2025,3,145.98000000000002,144.205,145.51945773872657,144.68825110082963,145.98000000000002,144.205,-0.0034482758620689724,0.023860484231206732,1.1999999999999886
bdo,2024-12-27,145.1,146.9,143.0,144.0,2429510,12,27,2024,4,145.38000000000002,144.33,145.01297182581771,144.6227033769411,145.38000000000002,144.33,-0.0034602076124568004,0.023110933740617536,-1.0999999999999943
bdo,2024-12-26,144.5,147.3,144.5,145.7,935160,12,26,2024,3,145.42000000000002,144.51500000000001,145.24198121721182,144.7253030553277,145.42000000000002,144.51500000000001,0.011805555555555403,0.023229935445290544,1.1999999999999886
bdo,2024-12-23,144.6,145.4,141.0,145.1,2765820,12,23,2024,0,144.86,144.82,145.19465414480788,144.7609884786298,144.86,144.82,-0.0041180507892930596,0.022660690733446367,0.5
bdo,2024-12-20,147.2,148.0,144.6,144.6,4276900,12,20,2024,4,144.77999999999997,145.025,144.9964360965386,144.74565624256982,144.77999999999997,145.025,-0.00344589937973816,0.022606554816511082,-2.5999999999999943
bdo,2024-12-19,142.1,148.1,137.5,148.0,4160170,12,19,2024,3,145.47999999999996,145.045,145.99762406435906,145.05559374327746,145.47999999999996,145.045,0.02351313969571245,0.020214173212905463,5.900000000000006
bdo,2024-12-18,147.0,148.6,142.3,143.0,2621750,12,18,2024,2,145.27999999999997,145.07,144.99841604290606,144.85982291058437,145.27999999999997,145.07,-0.03378378378378377,0.020144935414604086,-4.0
bdo,2024-12-17,149.5,151.0,147.2,149.0,2772630,12,17,2024,1,145.94,145.32,146.33227736193737,145.25412549052874,145.94,145.32,0.04195804195804187,0.02210933039508559,-0.5
bdo,2024-12-16,148.5,150.0,146.0,149.7,3134990,12,16,2024,0,146.85999999999999,145.495,147.4548515746249,145.67754211047838,146.85999999999999,145.495,0.004697986577181235,0.021898995537511585,1.1999999999999886
bdo,2024-12-13,147.0,150.7,145.6,150.0,4529720,12,13,2024,4,147.94,145.745,148.3032343830833,146.08920476662328,147.94,145.745,0.002004008016032177,0.021781637260471175,3.0
bdo,2024-12-12,150.5,151.8,148.2,148.2,5783920,12,12,2024,3,147.98000000000002,146.255,148.26882292205553,146.29023288408771,147.98000000000002,146.255,-0.012000000000000122,0.018669617462557513,-2.3000000000000114
bdo,2024-12-11,152.3,154.7,152.0,153.0,6168820,12,11,2024,2,149.98000000000002,146.71499999999997,149.84588194803703,146.92925832369843,149.98000000000002,146.71499999999997,0.03238866396761142,0.017729716079963567,0.6999999999999886
bdo,2024-12-10,156.0,158.0,151.9,152.0,3496110,12,10,2024,1,150.58,147.11499999999998,150.56392129869135,147.41218610239383,150.58,147.11499999999998,-0.006535947712418277,0.017861667144804517,-4.0
bdo,2024-12-09,153.9,153.9,151.5,153.0,3371380,12,9,2024,0,151.24,147.43,151.3759475324609,147.9443588545468,151.24,147.43,0.006578947368421018,0.01749529101966692,-0.9000000000000057
bdo,2024-12-06,155.0,155.4,151.2,151.6,3238520,12,6,2024,4,151.56,147.635,151.45063168830728,148.29251515411377,151.56,147.635,-0.0091503267973857,0.01765850944676177,-3.4000000000000057
bdo,2024-12-05,155.9,156.7,154.8,155.9,3643380,12,5,2024,3,153.1,148.135,152.93375445887153,149.01703752038864,153.1,148.135,0.02836411609498679,0.018375462429612605,0.0
bdo,2024-12-04,154.9,156.3,154.6,155.7,2951650,12,4,2024,2,153.64,148.57,153.85583630591435,149.6535101374945,153.64,148.57,-0.0012828736369469018,0.01837876453074948,0.799999999999983
bdo,2024-12-03,156.0,156.5,154.4,155.2,3423930,12,3,2024,1,154.28000000000003,149.055,154.30389087060956,150.18174726725692,154.28000000000003,149.055,-0.0032113037893384266,0.01817900936513843,-0.8000000000000114
bdo,2024-12-02,154.4,156.0,152.8,155.2,2965010,12,2,2024,0,154.72,149.42,154.60259391373972,150.65967609894673,154.72,149.42,0.0,0.017925485690429194,0.799999999999983
bdo,2024-11-29,152.2,154.5,150.0,154.5,2797690,11,29,2024,4,155.3,149.89499999999998,154.56839594249317,151.02542123238038,155.3,149.89499999999998,-0.004510309278350388,0.01724775709555362,2.3000000000000114
bdo,2024-11-28,153.0,153.1,149.5,152.2,1328170,11,28,2024,3,154.56,150.28,153.7789306283288,151.1372858769156,154.56,150.28,-0.014886731391585806,0.017668451211023038,-0.8000000000000114
bdo,2024-11-27,153.9,154.5,151.7,153.1,3092980,11,27,2024,2,154.04,150.73499999999999,153.55262041888585,151.32421103149505,154.04,150.73499999999999,0.005913272010512616,0.017619406135140372,-0.8000000000000114
bdo,2024-11-26,152.5,153.7,152.1,152.9,1525370,11,26,2024,1,153.58,151.095,153.33508027925723,151.47428617135267,153.58,151.095,-0.001306335728282093,0.01752663051243319,0.4000000000000057
bdo,2024-11-25,154.1,156.9,151.7,151.7,8722500,11,25,2024,0,152.88,151.425,152.79005351950482,151.49578272646193,152.88,151.425,-0.00784826684107276,0.01762102168983365,-2.4000000000000057
bdo,2024-11-22,151.5,152.4,149.5,152.0,1411770,11,22,2024,4,152.38,151.79500000000002,152.52670234633655,151.54380341917985,152.38,151.79500000000002,0.0019775873434411118,0.01756841619907794,0.5
bdo,2024-11-21,151.0,153.3,149.5,152.3,2598530,11,21,2024,3,152.4,152.01000000000002,152.45113489755772,151.6158221411627,152.4,152.01000000000002,0.0019736842105264607,0.01686801142918012,1.3000000000000114
bdo,2024-11-20,146.0,154.0,144.9,154.0,3776090,11,20,2024,2,152.58,152.56,152.9674232650385,151.84288669914721,152.58,152.56,0.011162179908076109,0.014774528287646495,8.0
bdo,2024-11-19,140.5,145.9,139.0,145.5,3759420,11,19,2024,1,151.1,152.38500000000002,150.47828217669235,151.2388022516094,151.1,152.38500000000002,-0.05519480519480524,0.017324528560864663,5.0
bdo,2024-11-18,141.5,142.2,139.8,140.4,7442470,11,18,2024,0,148.84,151.92,147.11885478446158,150.20653537050373,148.84,151.92,-0.035051546391752564,0.018844574650889505,-1.0999999999999943
bdo,2024-11-15,139.4,143.2,138.2,141.9,7194530,11,15,2024,4,146.82,151.515,145.3792365229744,149.41543676378907,146.82,151.515,0.010683760683760646,0.01906528237510189,2.5
bdo,2024-11-14,142.5,143.1,138.1,138.1,6199790,11,14,2024,3,143.98,151.01,142.95282434864959,148.3377761196187,143.98,151.01,-0.026779422128259456,0.01972397949873852,-4.400000000000006
bdo,2024-11-13,147.1,147.4,142.0,142.0,5376250,11,13,2024,2,141.58,150.45999999999998,142.63521623243307,147.7341783939407,141.58,150.45999999999998,0.02824040550325857,0.01934674071016753,-5.099999999999994
bdo,2024-11-12,147.6,149.5,147.0,147.1,2731800,11,12,2024,1,141.9,150.215,144.1234774882887,147.67378045166063,141.9,150.215,0.03591549295774654,0.021237450113019953,-0.5
bdo,2024-11-11,146.4,149.8,145.6,149.0,2764250,11,11,2024,0,143.61999999999998,150.01500000000001,145.74898499219248,147.80008707531198,143.61999999999998,150.01500000000001,0.01291638341264445,0.021409669409602643,2.5999999999999943
bdo,2024-11-08,149.0,149.1,145.1,147.0,4269360,11,8,2024,4,144.64000000000001,149.78500000000003,146.16598999479498,147.72388830623464,144.64000000000001,149.78500000000003,-0.01342281879194629,0.0215152385067055,-2.0
bdo,2024-11-07,145.5,148.2,143.9,148.0,6533920,11,7,2024,3,146.61999999999998,149.39000000000001,146.77732666319667,147.75018465802182,146.61999999999998,149.39000000000001,0.006802721088435382,0.02046422367809858,2.5
bdo,2024-11-06,156.0,157.3,150.0,150.0,3278460,11,6,2024,2,148.21999999999997,149.10500000000002,147.8515511087978,147.96445278582925,148.21999999999997,149.10500000000002,0.013513513513513598,0.020771710386281665,-6.0
bdo,2024-11-05,152.9,156.6,152.1,156.0,3700260,11,5,2024,1,150.0,149.145,150.56770073919853,148.72974299670267,150.0,149.145,0.040000000000000036,0.022754092034589682,3.0999999999999943
bdo,2024-11-04,152.3,152.4,149.4,151.5,4061390,11,4,2024,0,150.5,148.96,150.87846715946569,148.9935769970167,150.5,148.96,-0.028846153846153855,0.02368305189786072,-0.8000000000000114
bdo,2024-10-31,157.5,158.1,152.8,152.8,4271930,10,31,2024,3,151.66000000000003,148.875,151.51897810631047,149.3560934734913,151.66000000000003,148.875,0.008580858085808662,0.023759888600599577,-4.699999999999989
bdo,2024-10-30,156.6,160.0,154.2,160.0,4247750,10,30,2024,2,154.06,149.265,154.345985404207,150.36979885696834,154.06,149.265,0.04712041884816753,0.025718784047783525,3.4000000000000057
bdo,2024-10-29,158.9,159.7,156.4,157.0,3727920,10,29,2024,1,155.45999999999998,149.45999999999998,155.23065693613802,151.00124658487613,155.45999999999998,149.45999999999998,-0.018750000000000044,0.026150196636041095,-1.9000000000000057
bdo,2024-10-28,159.9,160.1,157.4,160.0,1882300,10,28,2024,0,156.26,149.815,156.82043795742536,151.85827071964982,156.26,149.815,0.019108280254777066,0.026428369722690467,0.09999999999999432
bdo,2024-10-25,162.4,162.5,159.6,159.7,1849120,10,25,2024,4,157.9,150.215,157.78029197161692,152.60510207968318,157.9,150.215,-0.001875000000000071,0.0263376157423106,-2.700000000000017
bdo,2024-10-24,163.8,163.8,162.4,162.8,1544440,10,24,2024,3,159.9,150.755,159.45352798107797,153.57604473876097,159.9,150.755,0.01941139636819056,0.026592615558714738,-1.0
bdo,2024-10-23,164.0,164.7,162.2,163.3,2274420,10,23,2024,2,160.56,151.305,160.73568532071866,154.50213571602183,160.56,151.305,0.0030712530712531105,0.02658983393492826,-0.6999999999999886
bdo,2024-10-22,165.0,168.7,163.6,164.0,4874220,10,22,2024,1,161.95999999999998,151.805,161.82379021381246,155.40669421925784,161.95999999999998,151.805,0.004286589099816274,0.026534441159298816,-1.0
bdo,2024-10-21,164.1,165.7,162.5,165.0,1872200,10,21,2024,0,162.95999999999998,152.78,162.88252680920831,156.32034238885234,162.95999999999998,152.78,0.0060975609756097615,0.022656393319790656,0.9000000000000057
bdo,2024-10-18,164.0,166.8,163.1,164.0,2201210,10,18,2024,4,163.82,153.96,163.25501787280555,157.05173835181878,163.82,153.96,-0.0060606060606061,0.020697288548003696,0.0
bdo,2024-10-17,163.0,166.4,162.5,162.5,3867070,10,17,2024,3,163.76,154.99,163.00334524853704,157.57062041355033,163.76,154.99,-0.009146341463414642,0.021034231668278017,-0.5
bdo,2024-10-16,161.5,164.9,160.8,162.0,3756620,10,16,2024,2,163.5,156.185,162.66889683235803,157.9924660884503,163.5,156.185,-0.003076923076923088,0.01965264994534939,0.5
bdo,2024-10-15,164.4,164.5,160.4,161.0,6141690,10,15,2024,1,162.9,157.13500000000002,162.1125978882387,158.27889788955028,162.9,157.13500000000002,-0.006172839506172867,0.01930866273015527,-3.4000000000000057
bdo,2024-10-14,160.0,160.9,158.0,158.6,3653680,10,14,2024,0,161.62,157.70999999999998,160.9417319254925,158.30947904292645,161.62,157.70999999999998,-0.014906832298136719,0.01855975574170462,-1.4000000000000057
bdo,2024-10-11,158.0,158.0,154.1,156.5,9364280,10,11,2024,4,160.11999999999998,158.08499999999998,159.461154616995,158.13714770550487,160.11999999999998,158.08499999999998,-0.013240857503152514,0.018813256710282025,-1.5
bdo,2024-10-10,158.0,159.0,156.3,156.8,1816070,10,10,2024,3,158.98,158.575,158.57410307799668,158.00980030498062,158.98,158.575,0.00191693290734829,0.018433445394447186,-1.1999999999999886
bdo,2024-10-09,159.0,160.5,157.7,157.8,3972690,10,9,2024,2,158.14000000000001,159.065,158.31606871866447,157.9898193235539,158.14000000000001,159.065,0.0063775510204082675,0.018429549320254573,-1.1999999999999886
bdo,2024-10-08,159.8,161.6,157.0,161.6,4211530,10,8,2024,1,158.26000000000002,159.64499999999998,159.41071247910963,158.333646054644,158.26000000000002,159.64499999999998,0.024081115335867986,0.018881603266765593,1.799999999999983
bdo,2024-10-07,159.0,160.9,158.7,160.0,2888390,10,7,2024,0,158.54000000000002,159.84499999999997,159.60714165273976,158.4923464303922,158.54000000000002,159.84499999999997,-0.00990099009900991,0.01707016176089901,1.0
bdo,2024-10-04,157.0,158.4,156.9,158.0,5828080,10,4,2024,4,158.84,160.17,159.07142776849318,158.44545629416436,158.84,160.17,-0.012499999999999956,0.015896565499234166,1.0
bdo,2024-10-03,160.8,162.1,156.8,156.9,6472180,10,3,2024,3,158.85999999999999,160.375,158.34761851232878,158.29826998043444,158.85999999999999,160.375,-0.006962025316455622,0.015949127398303058,-3.9000000000000057
bdo,2024-10-02,157.3,160.8,156.6,160.8,1702000,10,2,2024,2,159.46,160.41500000000002,159.1650790082192,158.53652998229782,159.46,160.41500000000002,0.0248565965583174,0.013119182915647053,3.5
bdo,2024-10-01,158.3,160.4,156.1,157.3,4398120,10,1,2024,1,158.6,160.43,158.54338600547948,158.41876522207897,158.6,160.43,-0.02176616915422891,0.01336509624808702,-1.0
bdo,2024-09-30,161.0,161.7,158.0,158.0,3389630,9,30,2024,0,158.2,160.33,158.36225733698632,158.3788828199762,158.2,160.33,0.004450095359186168,0.012655556382897818,-3.0
bdo,2024-09-27,165.0,165.2,160.8,161.4,4024010,9,27,2024,4,158.88000000000002,160.415,159.37483822465754,158.66660826569276,158.88000000000002,160.415,0.021518987341772267,0.01357466460695672,-3.5999999999999943
bdo,2024-09-26,166.5,168.0,165.1,167.1,1751400,9,26,2024,3,160.92000000000002,160.63000000000002,161.9498921497717,159.46978843086487,160.92000000000002,160.63000000000002,0.03531598513011147,0.015112403514007531,0.5999999999999943
bdo,2024-09-25,163.1,166.0,163.1,164.6,4804720,9,25,2024,2,161.68,160.695,162.83326143318112,159.95838000887773,161.68,160.695,-0.014961101137043742,0.01554005932864457,1.5
bdo,2024-09-24,164.9,169.0,164.0,167.0,9059940,9,24,2024,1,163.62,160.845,164.22217428878741,160.6290104842227,163.62,160.845,0.014580801944106936,0.015839316190005264,2.0999999999999943
bdo,2024-09-23,161.2,163.0,160.8,163.0,2924660,9,23,2024,0,164.62,160.745,163.8147828591916,160.85481900953482,164.62,160.745,-0.0239520958083832,0.01673284350586819,1.8000000000000114
bdo,2024-09-20,160.4,162.7,159.0,160.0,7173470,9,20,2024,4,164.34,160.54500000000002,162.5431885727944,160.7734076752934,164.34,160.54500000000002,-0.018404907975460127,0.017171543723655196,-0.4000000000000057
bdo,2024-09-19,156.3,160.9,156.3,160.4,3902400,9,19,2024,3,163.0,160.44,161.82879238186297,160.73784503955116,163.0,160.44,0.0024999999999999467,0.017081363025859924,4.099999999999994
bdo,2024-09-18,159.5,161.1,157.2,157.2,1451220,9,18,2024,2,161.52,160.2,160.28586158790864,160.40090741673674,161.52,160.2,-0.01995012468827939,0.01762280466799609,-2.3000000000000114
bdo,2024-09-17,158.5,161.3,158.5,161.0,3708400,9,17,2024,1,160.32,160.2,160.52390772527244,160.45796385323803,160.32,160.2,0.024173027989822016,0.018472151181223292,2.5
bdo,2024-09-16,156.4,160.4,156.4,159.9,2438860,9,16,2024,0,159.7,160.26500000000001,160.31593848351497,160.40482443864394,159.7,160.26500000000001,-0.006832298136645876,0.01821189449842853,3.5
bdo,2024-09-13,159.6,160.0,156.2,156.2,2307400,9,13,2024,4,158.94,160.25,158.94395898900999,160.00436496829693,158.94,160.25,-0.023139462163852542,0.01873385641593172,-3.4000000000000057
bdo,2024-09-12,158.0,159.8,156.5,159.6,2402180,9,12,2024,3,158.78,160.39,159.16263932600665,159.96585401893532,158.78,160.39,0.02176696542893719,0.0193524543482382,1.5999999999999943
bdo,2024-09-11,154.0,158.5,151.7,158.4,3909700,9,11,2024,2,159.01999999999998,160.42000000000002,158.90842621733776,159.816725064751,159.01999999999998,160.42000000000002,-0.007518796992481147,0.019400988139624147,4.400000000000006
bdo,2024-09-10,159.8,160.6,155.0,155.0,4735340,9,10,2024,1,157.82,160.09,157.60561747822518,159.35798934429855,157.82,160.09,-0.02146464646464652,0.019142375482623195,-4.800000000000011
bdo,2024-09-09,156.9,160.0,156.5,159.5,5441390,9,9,2024,0,157.74,160.065,158.2370783188168,159.37151416865106,157.74,160.065,0.029032258064516148,0.020235351357400923,2.5999999999999943
bdo,2024-09-06,154.0,157.0,153.5,157.0,4570300,9,6,2024,4,157.9,160.01500000000001,157.82471887921122,159.1456556763986,157.9,160.01500000000001,-0.01567398119122254,0.020350966976258263,3.0
bdo,2024-09-05,153.0,154.0,151.9,154.0,2432830,9,5,2024,3,156.78000000000003,159.87,156.54981258614083,158.6555932310273,156.78000000000003,159.87,-0.019108280254777066,0.020743296520746152,1.0
bdo,2024-09-04,149.0,153.9,148.3,153.0,1720630,9,4,2024,2,155.7,159.48,155.3665417240939,158.1169653042628,155.7,159.48,-0.00649350649350644,0.019874443975080234,4.0
bdo,2024-09-03,152.8,154.4,152.1,152.8,3448630,9,3,2024,1,155.26,159.255,154.5110278160626,157.61058765623778,155.26,159.255,-0.0013071895424835445,0.0193388803097612,0.0
bdo,2024-09-02,154.0,154.0,151.5,152.8,1711690,9,2,2024,0,153.92,158.99499999999998,153.9406852107084,157.15243645088182,153.92,158.99499999999998,0.0,0.019295113101096394,-1.1999999999999886
bdo,2024-08-30,153.5,154.3,152.7,152.8,7599130,8,30,2024,4,153.07999999999998,158.565,153.56045680713896,156.737918693655,153.07999999999998,158.565,0.0,0.018528960196645076,-0.6999999999999886
bdo,2024-08-29,154.0,155.4,152.9,153.5,4232940,8,29,2024,3,152.98000000000002,157.885,153.54030453809264,156.42954548473546,152.98000000000002,157.885,0.0045811518324605505,0.0163700139152496,-0.5
bdo,2024-08-28,152.5,154.4,152.3,154.0,3261490,8,28,2024,2,153.18,157.355,153.69353635872844,156.19816020047492,153.18,157.355,0.0032573289902280145,0.01624071340049314,1.5
bdo,2024-08-27,154.0,154.0,150.8,151.2,4009200,8,27,2024,1,152.85999999999999,156.565,152.86235757248562,155.72214494328685,152.85999999999999,156.565,-0.0181818181818183,0.016003675017070527,-2.8000000000000114
bdo,2024-08-22,150.0,154.1,149.1,154.0,3994990,8,22,2024,3,153.1,156.11499999999998,153.2415717149904,155.5581311391643,153.1,156.11499999999998,0.0185185185185186,0.01615067219734752,4.0
bdo,2024-08-21,152.5,153.2,148.5,148.5,2387720,8,21,2024,2,152.24,155.54,151.66104780999362,154.88592817352958,152.24,155.54,-0.0357142857142857,0.017447564808922362,-4.0
bdo,2024-08-20,148.0,153.4,147.0,152.8,8147920,8,20,2024,1,152.1,155.16,152.04069853999576,154.68726834747915,152.1,155.16,0.02895622895622907,0.01887696639369109,4.800000000000011
bdo,2024-08-19,141.0,147.0,141.0,147.0,3128050,8,19,2024,0,150.7,154.65,150.36046569333053,153.95514755248112,150.7,154.65,-0.0379581151832461,0.02015184452456996,6.0
bdo,2024-08-16,139.5,142.6,139.5,141.7,1618100,8,16,2024,4,148.8,153.685,147.4736437955537,152.787990642721,148.8,153.685,-0.036054421768707545,0.02035213930382836,2.1999999999999886
bdo,2024-08-15,140.2,141.5,137.5,139.0,1488720,8,15,2024,3,145.8,152.64,144.64909586370248,151.4748486767476,145.8,152.64,-0.019054340155257532,0.02055565079793815,-1.1999999999999886
bdo,2024-08-14,140.0,142.1,139.5,140.2,2393180,8,14,2024,2,144.14,151.84,143.166063909135,150.40105356467637,144.14,151.84,0.008633093525179714,0.02045209929647521,0.19999999999998863
bdo,2024-08-13,140.0,140.7,136.5,139.0,3738770,8,13,2024,1,141.38,150.81,141.77737593942334,149.3152389394691,141.38,150.81,-0.008559201141226769,0.019447930043542505,-1.0
bdo,2024-08-12,144.0,145.4,139.5,139.6,2256570,8,12,2024,0,139.9,149.87,141.05158395961558,148.38997808809108,139.9,149.87,0.004316546762589857,0.019601339877837895,-4.400000000000006
bdo,2024-08-09,140.4,144.0,140.4,144.0,2018930,8,9,2024,4,140.35999999999999,149.32,142.0343893064104,147.97188493684433,140.35999999999999,149.32,0.03151862464183375,0.02095134767527048,3.5999999999999943
bdo,2024-08-08,139.5,140.8,138.2,140.2,1678040,8,8,2024,3,140.59999999999997,148.355,141.4229262042736,147.23170541904963,140.59999999999997,148.355,-0.026388888888889017,0.020073713984138927,0.6999999999999886
bdo,2024-08-07,141.0,141.9,136.6,138.1,3298720,8,7,2024,2,140.18,147.41,140.3152841361824,146.36201918866396,140.18,147.41,-0.014978601997146845,0.020057101083034528,-2.9000000000000057
bdo,2024-08-06,139.4,142.6,139.0,140.0,3459840,8,6,2024,1,140.38,146.70999999999998,140.2101894241216,145.7561125992674,140.38,146.70999999999998,0.013758146270818283,0.020288976736150308,0.5999999999999943
bdo,2024-08-05,139.0,140.5,135.7,139.0,3632200,8,5,2024,0,140.26,146.01,139.80679294941442,145.11267330409908,140.26,146.01,-0.0071428571428571175,0.020292757047549154,0.0
bdo,2024-08-02,142.0,142.4,139.2,140.8,1553270,8,2,2024,4,139.61999999999998,145.41,140.1378619662763,144.7019425132325,139.61999999999998,145.41,0.012949640287769792,0.020661205924294223,-1.1999999999999886
bdo,2024-08-01,137.2,143.7,137.2,143.7,2504310,8,1,2024,3,140.32,144.955,141.32524131085086,144.60651941673416,140.32,144.955,0.02059659090909083,0.021365915323364223,6.5
bdo,2024-07-31,136.8,137.6,135.7,137.0,5292340,7,31,2024,2,140.1,144.16500000000002,139.88349420723392,143.8820889960928,140.1,144.16500000000002,-0.046624913013221914,0.02347811915027462,0.19999999999998863
bdo,2024-07-30,141.0,142.5,135.8,136.5,5002700,7,30,2024,1,139.4,143.315,138.75566280482263,143.1790329012268,139.4,143.315,-0.0036496350364964014,0.023369928422668593,-4.5
bdo,2024-07-29,146.0,146.3,140.5,140.5,2816540,7,29,2024,0,139.7,142.64000000000001,139.33710853654844,142.92388691063377,139.7,142.64000000000001,0.0293040293040292,0.024583178032566457,-5.5
bdo,2024-07-26,143.3,146.0,143.0,146.0,1649280,7,26,2024,4,140.74,142.38000000000002,141.55807235769896,143.21685006200198,140.74,142.38000000000002,0.039145907473309594,0.026168922955162804,2.6999999999999886
bdo,2024-07-25,141.3,145.6,141.3,143.2,2812130,7,25,2024,3,140.64000000000001,141.84,142.1053815717993,143.21524529419227,140.64000000000001,141.84,-0.019178082191780854,0.026014253200283246,1.8999999999999773
bdo,2024-07-23,148.2,148.2,145.6,145.6,2509160,7,23,2024,1,142.35999999999999,141.695,143.27025438119955,143.4423647899835,142.35999999999999,141.695,0.016759776536312998,0.025207321261771963,-2.5999999999999943
bdo,2024-07-22,149.5,150.8,148.2,148.2,7379440,7,22,2024,0,144.7,141.46499999999997,144.91350292079971,143.89547290522313,144.7,141.46499999999997,0.017857142857142794,0.02463616933707436,-1.3000000000000114
bdo,2024-07-19,142.6,149.6,142.6,148.8,6315680,7,19,2024,4,146.35999999999999,141.555,146.20900194719982,144.3625707237733,146.35999999999999,141.555,0.004048582995951566,0.023082443835544503,6.200000000000017
bdo,2024-07-18,139.9,143.4,139.7,142.5,1981600,7,18,2024,3,145.66,141.595,144.97266796479988,144.1851830357949,145.66,141.595,-0.04233870967741937,0.02364729909259127,2.5999999999999943
bdo,2024-07-17,139.1,141.2,139.1,139.4,1690840,7,17,2024,2,144.9,141.615,143.11511197653329,143.72945131810013,144.9,141.615,-0.021754385964912193,0.02377247852708859,0.30000000000001137
bdo,2024-07-16,143.4,143.5,139.8,139.8,3675770,7,16,2024,1,143.74,141.59499999999997,142.0100746510222,143.35521785923345,143.74,141.59499999999997,0.0028694404591105283,0.02370242551396724,-3.5999999999999943
bdo,2024-07-15,143.0,144.5,141.8,143.7,2302550,7,15,2024,0,142.84,141.82999999999998,142.57338310068147,143.38805425359217,142.84,141.82999999999998,0.027896995708154293,0.024391194314211547,0.6999999999999886
bdo,2024-07-12,143.0,143.8,141.1,143.7,2805570,7,12,2024,4,141.82,142.035,142.94892206712098,143.41776337229769,141.82,142.035,0.0,0.02438823293949876,0.6999999999999886
bdo,2024-07-11,139.0,143.8,138.4,143.8,3504660,7,11,2024,3,142.08,142.025,143.232614711414,143.45416686065028,142.08,142.025,0.0006958942240780086,0.023359082330687123,4.800000000000011
bdo,2024-07-10,140.7,142.7,139.0,141.0,1602630,7,10,2024,2,142.4,142.065,142.48840980760934,143.22043668344548,142.4,142.065,-0.01947148817802513,0.022993150060815568,0.30000000000001137
bdo,2024-07-09,145.0,145.0,139.7,140.9,4962790,7,9,2024,1,142.62,142.20499999999998,141.95893987173957,142.99944271359354,142.62,142.20499999999998,-0.0007092198581559739,0.022705955030392546,-4.099999999999994
bdo,2024-07-08,139.3,145.2,139.0,145.0,6495590,7,8,2024,0,142.88000000000002,142.455,142.97262658115972,143.18997197896556,142.88000000000002,142.455,0.02909865152590485,0.023399229491262215,5.699999999999989
bdo,2024-07-05,138.2,139.6,137.5,138.8,2490910,7,5,2024,4,141.9,142.445,141.5817510541065,142.77187940954028,141.9,142.445,-0.04275862068965508,0.025402581257696552,0.6000000000000227
bdo,2024-07-04,134.1,138.8,133.9,138.2,3790890,7,4,2024,3,140.78000000000003,142.315,140.45450070273768,142.33646232291738,140.78000000000003,142.315,-0.004322766570605374,0.025240726127349802,4.099999999999994
bdo,2024-07-03,129.0,133.9,128.2,133.9,1963310,7,3,2024,2,139.36,141.825,138.26966713515847,141.53298972073478,139.36,141.825,-0.031114327062228497,0.02559826581698381,4.900000000000006
bdo,2024-07-02,129.4,130.2,128.0,128.5,1792330,7,2,2024,1,136.88,141.4,135.013111423439,140.2917526044743,136.88,141.4,-0.04032860343539957,0.02506951987497202,-0.9000000000000057
bdo,2024-07-01,128.0,130.0,127.1,130.0,1341240,7,1,2024,0,133.88,141.075,133.34207428229269,139.31158568976247,133.88,141.075,0.011673151750972721,0.025278588413736026,2.0
bdo,2024-06-28,131.0,134.9,128.2,128.2,5541430,6,28,2024,4,131.76,140.46,131.62804952152845,138.25333943359462,131.76,140.46,-0.013846153846153952,0.02427592683106294,-2.8000000000000114
bdo,2024-06-27,127.5,130.6,127.2,130.0,2231690,6,27,2024,3,130.11999999999998,139.66,131.08536634768564,137.46730710658562,130.11999999999998,139.66,0.014040561622465031,0.02249557566779328,2.5
bdo,2024-06-26,129.1,129.8,127.0,127.0,2795650,6,26,2024,2,128.74,138.85,129.72357756512378,136.47042071548222,128.74,138.85,-0.023076923076923106,0.02263639578923395,-2.0999999999999943
bdo,2024-06-25,128.4,130.5,128.0,129.0,3195580,6,25,2024,1,128.84,138.02,129.48238504341586,135.75895207591248,128.84,138.02,0.015748031496062964,0.022584540784452548,0.5999999999999943
bdo,2024-06-24,128.2,128.7,127.3,128.0,2484300,6,24,2024,0,128.44,137.01000000000002,128.98825669561057,135.0200042591589,128.44,137.01000000000002,-0.007751937984496138,0.021888542218131832,-0.19999999999998863
bdo,2024-06-21,130.6,131.2,127.3,127.3,5134090,6,21,2024,4,128.26,135.935,128.4255044637404,134.28476575828662,128.26,135.935,-0.005468750000000022,0.02173702604243628,-3.299999999999997
bdo,2024-06-20,134.5,134.5,130.5,130.5,2364180,6,20,2024,3,128.35999999999999,135.33499999999998,129.11700297582695,133.92431187654503,128.35999999999999,135.33499999999998,0.02513747054202664,0.02128439866781433,-4.0
bdo,2024-06-19,132.5,135.5,132.1,134.0,3545020,6,19,2024,2,129.76,135.065,130.74466865055132,133.93152026925503,129.76,135.065,0.026819923371647514,0.02193397655160993,1.5
bdo,2024-06-18,137.5,137.5,132.0,132.9,3551400,6,18,2024,1,130.54000000000002,134.71999999999997,131.46311243370087,133.83328024361168,130.54000000000002,134.71999999999997,-0.008208955223880543,0.02195123188296879,-4.599999999999994
bdo,2024-06-14,135.0,137.9,134.4,137.9,845080,6,14,2024,4,132.52,134.43,133.60874162246728,134.22058688707725,132.52,134.43,0.037622272385252176,0.02274853817699345,2.9000000000000057
bdo,2024-06-13,137.0,139.8,136.0,136.0,2613830,6,13,2024,3,134.26000000000002,134.04500000000002,134.40582774831154,134.3900548025937,134.26000000000002,134.04500000000002,-0.013778100072516342,0.022898932738593256,-1.0
bdo,2024-06-11,136.0,138.8,135.4,136.0,1240990,6,11,2024,1,135.35999999999999,133.655,134.93721849887436,134.5433829166324,135.35999999999999,133.655,0.0,0.022894349274271725,0.0
bdo,2024-06-10,141.0,141.0,135.7,136.0,1745590,6,10,2024,0,135.76,133.405,135.2914789992496,134.6821083531436,135.76,133.405,0.0,0.022547598524503488,-5.0
bdo,2024-06-07,140.9,141.4,139.2,139.9,3403590,6,7,2024,4,137.16,133.355,136.82765266616641,135.17905041474899,137.16,133.355,0.028676470588235414,0.023541570806552777,-1.0
bdo,2024-06-06,137.9,140.7,137.1,138.0,1213000,6,6,2024,3,137.18,133.005,137.21843511077762,135.447712280011,137.18,133.005,-0.013581129378127277,0.022674697015244098,0.09999999999999432
bdo,2024-06-05,136.4,138.4,135.0,138.0,2132290,6,5,2024,2,137.57999999999998,132.965,137.4789567405184,135.69078730096234,137.57999999999998,132.965,0.0,0.020569952102867113,1.5999999999999943
bdo,2024-06-04,137.8,138.6,132.4,136.9,3259920,6,4,2024,1,137.76,132.9,137.2859711603456,135.80595041515642,137.76,132.9,-0.007971014492753614,0.02062558315664731,-0.9000000000000057
bdo,2024-06-03,130.6,138.0,130.6,138.0,2244330,6,3,2024,0,138.16,133.10500000000002,137.52398077356375,136.01490751847487,138.16,133.10500000000002,0.008035062089116085,0.01936339208947529,7.400000000000006
bdo,2024-05-31,132.0,133.3,130.0,130.0,14026380,5,31,2024,4,136.18,133.18,135.01598718237585,135.442059183382,136.18,133.18,-0.05797101449275366,0.02164557274165716,-2.0
bdo,2024-05-30,130.4,132.9,130.0,130.5,5997410,5,30,2024,3,134.68,133.205,133.5106581215839,134.97138688020277,134.68,133.205,0.0038461538461538325,0.021509059971776646,0.09999999999999432
bdo,2024-05-29,134.8,134.8,130.2,130.2,3525160,5,29,2024,2,133.12,133.305,132.40710541438926,134.51696908208822,133.12,133.305,-0.0022988505747126853,0.02125967691976181,-4.600000000000023
bdo,2024-05-28,135.0,135.7,134.5,135.2,3112640,5,28,2024,1,132.78000000000003,133.565,133.33807027625951,134.58201964569886,132.78000000000003,133.565,0.03840245775729656,0.022696111633808014,0.19999999999998863
bdo,2024-05-27,135.3,135.9,134.2,135.0,3059500,5,27,2024,0,132.18,133.965,133.89204685083968,134.62182729848945,132.18,133.965,-0.0014792899408283544,0.02193057988961973,-0.30000000000001137
bdo,2024-05-24,135.9,136.5,134.4,135.7,3795180,5,24,2024,4,133.32,134.3,134.4946979005598,134.72451041291902,133.32,134.3,0.005185185185185182,0.021741113672028904,-0.20000000000001705
bdo,2024-05-23,136.5,137.9,136.1,136.5,9973330,5,23,2024,3,134.51999999999998,134.725,135.16313193370655,134.8936046593077,134.51999999999998,134.725,0.005895357406042745,0.021607552127908866,0.0
bdo,2024-05-22,136.0,136.6,133.5,136.0,3624950,5,22,2024,2,135.68,135.16000000000003,135.44208795580437,134.99897564413553,135.68,135.16000000000003,-0.00366300366300365,0.021572097289107875,0.0
bdo,2024-05-21,142.0,142.0,137.2,138.0,2084830,5,21,2024,1,136.24,135.535,136.2947253038696,135.2847874875512,136.24,135.535,0.014705882352941124,0.021144118109807503,-4.0
bdo,2024-05-20,141.9,144.0,138.6,140.0,3852770,5,20,2024,0,137.24,135.83499999999998,137.52981686924642,135.73385534587965,137.24,135.83499999999998,0.01449275362318847,0.020585879445969218,-1.9000000000000057
bdo,2024-05-17,136.0,139.3,132.7,138.7,5260970,5,17,2024,4,137.84,136.125,137.91987791283094,136.01634531293874,137.84,136.125,-0.009285714285714342,0.020616458129581443,2.6999999999999886
bdo,2024-05-16,138.1,139.1,135.5,136.0,4791990,5,16,2024,3,137.74,136.03,137.27991860855397,136.0147886164684,137.74,136.03,-0.019466474405191003,0.019390240389360335,-2.0999999999999943
bdo,2024-05-15,140.0,140.0,138.0,138.0,1708650,5,15,2024,2,138.14000000000001,136.13,137.519945739036,136.20385636728093,138.14000000000001,136.13,0.014705882352941124,0.019410683689885605,-2.0
bdo,2024-05-14,141.8,141.8,138.7,140.1,2247830,5,14,2024,1,138.56,136.33499999999998,138.379963826024,136.57491766563513,138.56,136.33499999999998,0.01521739130434785,0.019669599018908874,-1.700000000000017
bdo,2024-05-13,138.4,142.5,138.1,141.8,1939240,5,13,2024,0,138.92000000000002,136.625,139.51997588401602,137.07254455462225,138.92000000000002,136.625,0.01213418986438275,0.019801996021202008,3.4000000000000057
bdo,2024-05-10,142.1,142.9,138.4,138.8,3667860,5,10,2024,4,138.94,136.57,139.27998392267736,137.23706412084871,138.94,136.57,-0.021156558533145242,0.019437478398754916,-3.299999999999983
bdo,2024-05-09,145.8,146.8,141.0,141.8,3360310,5,9,2024,3,140.10000000000002,136.76,140.1199892817849,137.67162944267264,140.10000000000002,136.76,0.021613832853025983,0.019754066432571545,-4.0
bdo,2024-05-08,148.3,148.7,145.7,146.2,2050910,5,8,2024,2,141.73999999999998,137.17000000000002,142.14665952118995,138.48385521003715,141.73999999999998,137.17000000000002,0.031029619181946133,0.020816140649380817,-2.1000000000000227
bdo,2024-05-07,148.3,149.3,146.3,148.3,2991830,5,7,2024,1,143.38000000000002,137.73999999999998,144.19777301412665,139.41872614241456,143.38000000000002,137.73999999999998,0.014363885088919393,0.02079011753603209,0.0
bdo,2024-05-06,148.5,149.6,147.9,148.3,2233690,5,6,2024,0,144.68,138.255,145.56518200941778,140.26456174789888,144.68,138.255,0.0,0.020790055083139594,-0.19999999999998863
bdo,2024-05-03,147.8,148.7,147.5,148.3,2221670,5,3,2024,4,146.58,139.17000000000002,146.47678800627853,141.02984158143232,146.58,139.17000000000002,0.0,0.014941070690620485,0.5
bdo,2024-05-02,146.0,146.9,144.6,146.1,1667690,5,2,2024,3,147.44,139.95,146.3511920041857,141.5127138117721,147.44,139.95,-0.014834794335805923,0.015694591253617295,0.09999999999999432
bdo,2024-04-30,148.0,151.5,148.0,148.2,2629250,4,30,2024,1,147.84,140.85,146.9674613361238,142.14959821065094,147.84,140.85,0.014373716632443578,0.015685784516974943,0.19999999999998863
bdo,2024-04-29,144.1,151.2,144.1,149.8,2924720,4,29,2024,0,148.14000000000001,141.58,147.9116408907492,142.87820790487467,148.14000000000001,141.58,0.010796221322537214,0.013848021874408192,5.700000000000017
bdo,2024-04-26,144.5,145.4,143.8,144.0,1221690,4,26,2024,4,147.28000000000003,142.03000000000003,146.6077605938328,142.98504524726758,147.28000000000003,142.03000000000003,-0.03871829105473967,0.01695317330387038,-0.5
bdo,2024-04-25,144.3,145.6,143.8,145.6,1391860,4,25,2024,3,146.73999999999998,142.525,146.27184039588855,143.23408855705162,146.73999999999998,142.525,0.011111111111111072,0.017038149394517123,1.299999999999983
bdo,2024-04-24,144.9,145.9,144.1,144.1,1669550,4,24,2024,2,146.33999999999997,142.905,145.54789359725902,143.3165563135229,146.33999999999997,142.905,-0.010302197802197766,0.017309392869847867,-0.8000000000000114
bdo,2024-04-23,147.0,149.0,143.6,143.6,2990350,4,23,2024,1,145.42000000000002,143.285,144.89859573150602,143.34355095033024,145.42000000000002,143.285,-0.003469812630117919,0.017305617020431405,-3.4000000000000057
bdo,2024-04-22,146.2,148.5,146.0,146.8,845060,4,22,2024,0,144.82,143.725,145.53239715433736,143.6727365741083,144.82,143.725,0.022284122562674202,0.017657888506161096,0.6000000000000227
bdo,2024-04-19,148.0,149.8,145.0,145.5,2296760,4,19,2024,4,145.11999999999998,144.0,145.52159810289157,143.8467616622885,145.11999999999998,144.0,-0.008855585831062718,0.01764690000337012,-2.5
bdo,2024-04-18,152.8,155.0,148.1,148.1,4340930,4,18,2024,3,145.62,144.47,146.3810654019277,144.25183198016578,145.62,144.47,0.017869415807560074,0.017770860397129485,-4.700000000000017
bdo,2024-04-17,146.9,150.0,146.9,150.0,2219130,4,17,2024,2,146.8,145.17000000000002,147.58737693461848,144.7992765534833,146.8,145.17000000000002,0.01282916948008106,0.01703232613554762,3.0999999999999943
bdo,2024-04-16,147.1,147.1,145.0,146.4,2332300,4,16,2024,1,147.35999999999999,145.59,147.191584623079,144.95172640553253,147.35999999999999,145.59,-0.02399999999999991,0.018046180673117397,-0.6999999999999886
bdo,2024-04-15,148.9,149.5,146.5,147.3,3724260,4,15,2024,0,147.46,145.95000000000002,147.22772308205268,145.17537150976753,147.46,145.95000000000002,0.006147540983606703,0.0178387959986148,-1.5999999999999943
bdo,2024-04-12,151.3,153.0,150.1,150.1,1847470,4,12,2024,4,148.38000000000002,146.365,148.18514872136848,145.64438374693253,148.38000000000002,146.365,0.01900882552613692,0.018095332763672915,-1.200000000000017
bdo,2024-04-11,150.0,151.4,149.2,151.3,2548720,4,11,2024,3,149.02,146.98999999999998,149.22343248091232,146.1830138662723,149.02,146.98999999999998,0.00799467021985345,0.017198584686014828,1.3000000000000114
bdo,2024-04-08,152.7,152.9,150.6,151.8,672140,4,8,2024,0,149.38000000000002,147.49,150.08228832060823,146.7179649266273,149.38000000000002,147.49,0.0033046926635822427,0.0167181439434654,-0.8999999999999773
bdo,2024-04-05,150.0,154.0,149.4,154.0,1792880,4,5,2024,4,150.9,147.88,151.38819221373882,147.4114920764723,150.9,147.88,0.014492753623188248,0.01566299603642391,4.0
bdo,2024-04-04,153.2,154.0,151.8,152.7,877300,4,4,2024,3,151.98,148.1,151.82546147582588,147.91515949776067,151.98,148.1,-0.008441558441558472,0.015600683140323942,-0.5
bdo,2024-04-03,153.9,154.9,152.9,152.9,2065090,4,3,2024,2,152.54,148.32999999999998,152.18364098388395,148.38990621225966,152.54,148.32999999999998,0.0013097576948266632,0.01559645226506491,-1.0
bdo,2024-04-02,159.5,160.0,154.0,154.0,3331820,4,2,2024,1,153.07999999999998,148.61499999999998,152.78909398925597,148.92420085871112,153.07999999999998,148.61499999999998,0.007194244604316502,0.01563941974495191,-5.5
bdo,2024-04-01,158.0,160.7,158.0,159.0,3697170,4,1,2024,0,154.51999999999998,149.26,154.85939599283734,149.8838007769291,154.51999999999998,149.26,0.032467532467532534,0.016511204529875156,1.0
bdo,2024-03-27,151.0,155.2,151.0,154.5,2833540,3,27,2024,2,154.61999999999998,149.575,154.73959732855823,150.32343879817395,154.61999999999998,149.575,-0.028301886792452824,0.01785331967182289,3.5
bdo,2024-03-26,151.6,153.0,149.6,151.0,4462480,3,26,2024,1,154.28,149.635,153.4930648857055,150.38787319834788,154.28,149.635,-0.02265372168284785,0.01856192734949464,-0.5999999999999943
bdo,2024-03-25,152.5,154.8,152.5,153.3,2123940,3,25,2024,0,154.36,150.1,153.4287099238037,150.66521860802902,154.36,150.1,0.015231788079470343,0.016340009960652525,0.8000000000000114
bdo,2024-03-22,154.5,155.1,153.5,154.2,3800680,3,22,2024,4,154.4,150.53,153.68580661586913,151.0018644548834,154.4,150.53,0.005870841487279677,0.016249270498832274,-0.30000000000001137
bdo,2024-03-21,154.0,155.6,154.0,154.5,3289060,3,21,2024,3,153.5,151.05,153.95720441057944,151.335020221085,153.5,151.05,0.0019455252918287869,0.015949631125892635,0.5
bdo,2024-03-20,153.4,154.8,151.8,154.0,3733010,3,20,2024,2,153.4,151.57,153.97146960705297,151.5888278190769,153.4,151.57,-0.003236245954692518,0.015944257959606602,0.5999999999999943
bdo,2024-03-19,152.9,154.0,151.3,153.5,2238910,3,19,2024,1,153.9,151.905,153.81431307136864,151.77084421726005,153.9,151.905,-0.0032467532467532756,0.015383753243929899,0.5999999999999943
bdo,2024-03-18,149.5,153.7,149.0,153.0,3260220,3,18,2024,0,153.83999999999997,152.28,153.54287538091245,151.8879066727591,153.83999999999997,152.28,-0.0032573289902280145,0.01521925027332748,3.5
